{
  "accessors": [
    {
      "bufferView": 2,
      "componentType": 5126,
      "count": 4601,
      "max": [
        1.8467559814453125,
        13.481771469116211,
        5.175767421722412
      ],
      "min": [
        -2.303638458251953,
        8.012914657592773,
        1.0379164218902588
      ],
      "type": "VEC3"
    },
    {
      "bufferView": 2,
      "byteOffset": 55212,
      "componentType": 5126,
      "count": 4601,
      "max": [
        0.999997615814209,
        0.9999958276748657,
        0.9986039996147156
      ],
      "min": [
        -0.999999463558197,
        -0.999995768070221,
        -0.9988152980804443
      ],
      "type": "VEC3"
    },
    {
      "bufferView": 1,
      "componentType": 5126,
      "count": 4601,
      "max": [
        0.9933624267578125,
        0.9938186407089233
      ],
      "min": [
        0.0,
        0.0
      ],
      "type": "VEC2"
    },
    {
      "bufferView": 0,
      "componentType": 5125,
      "count": 22830,
      "type": "SCALAR"
    }
  ],
  "asset": {
    "extras": {
      "author": "Ole Gunnar Isager (https://sketchfab.com/FrenchBaguette)",
      "license": "CC-BY-4.0 (http://creativecommons.org/licenses/by/4.0/)",
      "source": "https://sketchfab.com/3d-models/painterly-hell-flower-school-project-8cc9503705354c5dbbd009db50712041",
      "title": "Painterly Hell Flower (School Project)"
    },
    "generator": "Sketchfab-12.65.0",
    "version": "2.0"
  },
  "bufferViews": [
    {
      "buffer": 0,
      "byteLength": 91320,
      "name": "floatBufferViews",
      "target": 34963
    },
    {
      "buffer": 0,
      "byteLength": 36808,
      "byteOffset": 91320,
      "byteStride": 8,
      "name": "floatBufferViews",
      "target": 34962
    },
    {
      "buffer": 0,
      "byteLength": 110424,
      "byteOffset": 128128,
      "byteStride": 12,
      "name": "floatBufferViews",
      "target": 34962
    }
  ],
  "buffers": [
    {
      "byteLength": 238552,
      "uri": "scene.bin"
    }
  ],
  "extensionsUsed": [
    "KHR_materials_unlit"
  ],
  "images": [
    {
      "uri": "textures/A_Flower_baseColor.png"
    }
  ],
  "materials": [
    {
      "doubleSided": true,
      "extensions": {
        "KHR_materials_unlit": {}
      },
      "name": "A_Flower",
      "pbrMetallicRoughness": {
        "baseColorTexture": {
          "index": 0
        },
        "metallicFactor": 0.0
      }
    }
  ],
  "meshes": [
    {
      "name": "PlantFlower8_A_Flower_0",
      "primitives": [
        {
          "attributes": {
            "NORMAL": 1,
            "POSITION": 0,
            "TEXCOORD_0": 2
          },
          "indices": 3,
          "material": 0,
          "mode": 4
        }
      ]
    }
  ],
  "nodes": [
    {
      "children": [
        1
      ],
      "matrix": [
        1.0,
        0.0,
        0.0,
        0.0,
        0.0,
        2.220446049250313e-16,
        -1.0,
        0.0,
        0.0,
        1.0,
        2.220446049250313e-16,
        0.0,
        0.0,
        0.0,
        0.0,
        1.0
      ],
      "name": "Sketchfab_model"
    },
    {
      "children": [
        2
      ],
      "matrix": [
        1.0,
        0.0,
        0.0,
        0.0,
        0.0,
        0.0,
        1.0,
        0.0,
        0.0,
        -1.0,
        0.0,
        0.0,
        0.0,
        0.0,
        0.0,
        1.0
      ],
      "name": "140a64bbb7bb46db9800d04a750c153c.fbx"
    },
    {
      "children": [
        3
      ],
      "name": "RootNode"
    },
    {
      "children": [
        4
      ],
      "matrix": [
        1.7914339303970337,
        0.0,
        0.0,
        0.0,
        0.0,
        1.7914339303970337,
        0.0,
        0.0,
        0.0,
        0.0,
        1.7914339303970337,
        0.0,
        -13.276590347290039,
        -7.163756847381592,
        -7.644920825958252,
        1.0
      ],
      "name": "PlantFlower8"
    },
    {
      "mesh": 0,
      "name": "PlantFlower8_A_Flower_0"
    }
  ],
  "samplers": [
    {
      "magFilter": 9729,
      "minFilter": 9987,
      "wrapS": 10497,
      "wrapT": 10497
    }
  ],
  "scene": 0,
  "scenes": [
    {
      "name": "Sketchfab_Scene",
      "nodes": [
        0
      ]
    }
  ],
  "textures": [
    {
      "sampler": 0,
      "source": 0
    }
  ]
}
