{
  "accessors": [
    {
      "bufferView": 2,
      "componentType": 5126,
      "count": 78,
      "max": [
        0.07519300282001495,
        -0.0018629999831318855,
        1.7767599821090698
      ],
      "min": [
        -0.07520300149917603,
        -0.08780299872159958,
        1.7013700008392334
      ],
      "type": "VEC3"
    },
    {
      "bufferView": 2,
      "byteOffset": 936,
      "componentType": 5126,
      "count": 78,
      "max": [
        0.9729279279708862,
        -0.10665781795978546,
        0.30627888441085815
      ],
      "min": [
        -0.9723625779151917,
        -0.9867332577705383,
        -0.5174312591552734
      ],
      "type": "VEC3"
    },
    {
      "bufferView": 1,
      "componentType": 5126,
      "count": 78,
      "max": [
        0.9991899728775024,
        0.9783099889755249
      ],
      "min": [
        0.0008999999845400453,
        0.001290000043809414
      ],
      "type": "VEC2"
    },
    {
      "bufferView": 0,
      "componentType": 5125,
      "count": 360,
      "type": "SCALAR"
    },
    {
      "bufferView": 2,
      "byteOffset": 1872,
      "componentType": 5126,
      "count": 1870,
      "max": [
        0.7159640192985535,
        0.145564004778862,
        1.7023500204086304
      ],
      "min": [
        -0.715982973575592,
        -0.20951999723911285,
        -5.700000110664405e-05
      ],
      "type": "VEC3"
    },
    {
      "bufferView": 2,
      "byteOffset": 24312,
      "componentType": 5126,
      "count": 1870,
      "max": [
        0.9999241232872009,
        0.9999963641166687,
        1.0
      ],
      "min": [
        -1.0,
        -0.9999192953109741,
        -1.0
      ],
      "type": "VEC3"
    },
    {
      "bufferView": 1,
      "byteOffset": 624,
      "componentType": 5126,
      "count": 1870,
      "max": [
        0.9995499849319458,
        0.9943600296974182
      ],
      "min": [
        0.0044200001284480095,
        0.005799999926239252
      ],
      "type": "VEC2"
    },
    {
      "bufferView": 0,
      "byteOffset": 1440,
      "componentType": 5125,
      "count": 4878,
      "type": "SCALAR"
    },
    {
      "bufferView": 2,
      "byteOffset": 46752,
      "componentType": 5126,
      "count": 3977,
      "max": [
        0.9088580012321472,
        0.27966898679733276,
        1.9167399406433105
      ],
      "min": [
        -0.9088630080223083,
        -0.20463599264621735,
        -0.012058000080287457
      ],
      "type": "VEC3"
    },
    {
      "bufferView": 2,
      "byteOffset": 94476,
      "componentType": 5126,
      "count": 3977,
      "max": [
        1.0,
        0.9996123313903809,
        1.0
      ],
      "min": [
        -1.0,
        -0.999928891658783,
        -1.0
      ],
      "type": "VEC3"
    },
    {
      "bufferView": 1,
      "byteOffset": 15584,
      "componentType": 5126,
      "count": 3977,
      "max": [
        0.9857100248336792,
        1.003559947013855
      ],
      "min": [
        0.0029800001066178083,
        -0.24818000197410583
      ],
      "type": "VEC2"
    },
    {
      "bufferView": 0,
      "byteOffset": 20952,
      "componentType": 5125,
      "count": 8928,
      "type": "SCALAR"
    }
  ],
  "asset": {
    "extras": {
      "author": "3D Resource (https://sketchfab.com/lopuh22721)",
      "license": "CC-BY-4.0 (http://creativecommons.org/licenses/by/4.0/)",
      "source": "https://sketchfab.com/3d-models/anbu-kakashi-hatake-f6e6fbeadb134b6f8947ae796e680294",
      "title": "(Anbu) Kakashi Hatake"
    },
    "generator": "Sketchfab-13.24.0",
    "version": "2.0"
  },
  "bufferViews": [
    {
      "buffer": 0,
      "byteLength": 56664,
      "name": "floatBufferViews",
      "target": 34963
    },
    {
      "buffer": 0,
      "byteLength": 47400,
      "byteOffset": 56664,
      "byteStride": 8,
      "name": "floatBufferViews",
      "target": 34962
    },
    {
      "buffer": 0,
      "byteLength": 142200,
      "byteOffset": 104064,
      "byteStride": 12,
      "name": "floatBufferViews",
      "target": 34962
    }
  ],
  "buffers": [
    {
      "byteLength": 246264,
      "uri": "scene.bin"
    }
  ],
  "images": [
    {
      "uri": "textures/kk2_eye.png_baseColor.png"
    },
    {
      "uri": "textures/kk2_tex01.png_baseColor.png"
    },
    {
      "uri": "textures/kk2_tex02.png_baseColor.png"
    }
  ],
  "materials": [
    {
      "doubleSided": true,
      "name": "kk2_eye.png",
      "pbrMetallicRoughness": {
        "baseColorTexture": {
          "index": 0
        },
        "metallicFactor": 0.0
      }
    },
    {
      "doubleSided": true,
      "name": "kk2_tex01.png",
      "pbrMetallicRoughness": {
        "baseColorTexture": {
          "index": 1
        },
        "metallicFactor": 0.0,
        "roughnessFactor": 0.9624379700782411
      }
    },
    {
      "doubleSided": true,
      "name": "kk2_tex02.png",
      "pbrMetallicRoughness": {
        "baseColorTexture": {
          "index": 2
        },
        "metallicFactor": 0.0,
        "roughnessFactor": 0.9624379700782411
      }
    }
  ],
  "meshes": [
    {
      "name": "Object_0",
      "primitives": [
        {
          "attributes": {
            "NORMAL": 1,
            "POSITION": 0,
            "TEXCOORD_0": 2
          },
          "indices": 3,
          "material": 0,
          "mode": 4
        }
      ]
    },
    {
      "name": "Object_1",
      "primitives": [
        {
          "attributes": {
            "NORMAL": 5,
            "POSITION": 4,
            "TEXCOORD_0": 6
          },
          "indices": 7,
          "material": 2,
          "mode": 4
        }
      ]
    },
    {
      "name": "Object_2",
      "primitives": [
        {
          "attributes": {
            "NORMAL": 9,
            "POSITION": 8,
            "TEXCOORD_0": 10
          },
          "indices": 11,
          "material": 1,
          "mode": 4
        }
      ]
    }
  ],
  "nodes": [
    {
      "children": [
        1
      ],
      "matrix": [
        1.0,
        0.0,
        0.0,
        0.0,
        0.0,
        2.220446049250313e-16,
        -1.0,
        0.0,
        0.0,
        1.0,
        2.220446049250313e-16,
        0.0,
        0.0,
        0.0,
        0.0,
        1.0
      ],
      "name": "Sketchfab_model"
    },
    {
      "children": [
        2,
        3,
        4
      ],
      "name": "Kakashi.obj.cleaner.materialmerger.gles"
    },
    {
      "mesh": 0,
      "name": "Object_2"
    },
    {
      "mesh": 1,
      "name": "Object_3"
    },
    {
      "mesh": 2,
      "name": "Object_4"
    }
  ],
  "samplers": [
    {
      "magFilter": 9729,
      "minFilter": 9987,
      "wrapS": 10497,
      "wrapT": 10497
    }
  ],
  "scene": 0,
  "scenes": [
    {
      "name": "Sketchfab_Scene",
      "nodes": [
        0
      ]
    }
  ],
  "textures": [
    {
      "sampler": 0,
      "source": 0
    },
    {
      "sampler": 0,
      "source": 1
    },
    {
      "sampler": 0,
      "source": 2
    }
  ]
}
