{
  "accessors": [
    {
      "bufferView": 2,
      "componentType": 5126,
      "count": 116,
      "max": [
        0.5262590050697327,
        0.20907500386238098,
        0.021443499252200127
      ],
      "min": [
        0.16667400300502777,
        0.09685859829187393,
        -0.06103840097784996
      ],
      "type": "VEC3"
    },
    {
      "bufferView": 2,
      "byteOffset": 1392,
      "componentType": 5126,
      "count": 116,
      "max": [
        1.0,
        0.9238797426223755,
        0.9407145380973816
      ],
      "min": [
        -1.0,
        -0.9999955296516418,
        -0.9407145380973816
      ],
      "type": "VEC3"
    },
    {
      "bufferView": 3,
      "componentType": 5126,
      "count": 116,
      "max": [
        0.9997795224189758,
        0.9998628497123718,
        0.9999558925628662,
        1.0
      ],
      "min": [
        -0.42905735969543457,
        -0.9928969144821167,
        -0.9999985098838806,
        1.0
      ],
      "type": "VEC4"
    },
    {
      "bufferView": 1,
      "componentType": 5126,
      "count": 116,
      "max": [
        0.77531498670578,
        0.9856240153312683
      ],
      "min": [
        0.10554800182580948,
        0.2105949968099594
      ],
      "type": "VEC2"
    },
    {
      "bufferView": 0,
      "componentType": 5125,
      "count": 432,
      "type": "SCALAR"
    },
    {
      "bufferView": 2,
      "byteOffset": 2784,
      "componentType": 5126,
      "count": 64,
      "max": [
        -0.08655039966106415,
        0.22503000497817993,
        0.035208601504564285
      ],
      "min": [
        -0.12292200326919556,
        0.19545100629329681,
        0.024798700585961342
      ],
      "type": "VEC3"
    },
    {
      "bufferView": 2,
      "byteOffset": 3552,
      "componentType": 5126,
      "count": 64,
      "max": [
        0.9439833760261536,
        0.9999586343765259,
        0.8642123937606812
      ],
      "min": [
        -0.963805615901947,
        -0.9998728632926941,
        -2.1382101422773303e-08
      ],
      "type": "VEC3"
    },
    {
      "bufferView": 3,
      "byteOffset": 1856,
      "componentType": 5126,
      "count": 64,
      "max": [
        0.9999568462371826,
        0.5020654201507568,
        0.9999950528144836,
        1.0
      ],
      "min": [
        -0.09780482947826385,
        -0.22771070897579193,
        -0.9999911785125732,
        1.0
      ],
      "type": "VEC4"
    },
    {
      "bufferView": 1,
      "byteOffset": 928,
      "componentType": 5126,
      "count": 64,
      "max": [
        0.825993001461029,
        0.29715800285339355
      ],
      "min": [
        0.7908579707145691,
        0.135561004281044
      ],
      "type": "VEC2"
    },
    {
      "bufferView": 0,
      "byteOffset": 1728,
      "componentType": 5125,
      "count": 228,
      "type": "SCALAR"
    },
    {
      "bufferView": 2,
      "byteOffset": 4320,
      "componentType": 5126,
      "count": 45,
      "max": [
        -0.9870449900627136,
        0.1993499994277954,
        0.01349719986319542
      ],
      "min": [
        -1.0,
        -0.06441959738731384,
        -0.05309220030903816
      ],
      "type": "VEC3"
    },
    {
      "bufferView": 2,
      "byteOffset": 4860,
      "componentType": 5126,
      "count": 45,
      "max": [
        0.5463848114013672,
        0.9746697545051575,
        0.9326680898666382
      ],
      "min": [
        -1.0,
        -0.97527676820755,
        -0.9326683282852173
      ],
      "type": "VEC3"
    },
    {
      "bufferView": 3,
      "byteOffset": 2880,
      "componentType": 5126,
      "count": 45,
      "max": [
        0.9235649704933167,
        0.7148934602737427,
        0.5536431074142456,
        1.0
      ],
      "min": [
        -0.9570966362953186,
        -0.7164298892021179,
        -0.9999997019767761,
        1.0
      ],
      "type": "VEC4"
    },
    {
      "bufferView": 1,
      "byteOffset": 1440,
      "componentType": 5126,
      "count": 45,
      "max": [
        0.66730797290802,
        0.4684320092201233
      ],
      "min": [
        0.6007720232009888,
        0.2606180012226105
      ],
      "type": "VEC2"
    },
    {
      "bufferView": 0,
      "byteOffset": 2640,
      "componentType": 5125,
      "count": 216,
      "type": "SCALAR"
    },
    {
      "bufferView": 2,
      "byteOffset": 5400,
      "componentType": 5126,
      "count": 51,
      "max": [
        -0.26736199855804443,
        0.1067039966583252,
        0.005832950118929148
      ],
      "min": [
        -0.4068810045719147,
        0.08509639650583267,
        -0.045427899807691574
      ],
      "type": "VEC3"
    },
    {
      "bufferView": 2,
      "byteOffset": 6012,
      "componentType": 5126,
      "count": 51,
      "max": [
        0.9420294761657715,
        8.278988161691814e-08,
        0.9880296587944031
      ],
      "min": [
        -0.947995126247406,
        -0.9116237163543701,
        -0.9880296587944031
      ],
      "type": "VEC3"
    },
    {
      "bufferView": 3,
      "byteOffset": 3600,
      "componentType": 5126,
      "count": 51,
      "max": [
        0.9979807734489441,
        1.0,
        0.910185694694519,
        1.0
      ],
      "min": [
        -0.8945460915565491,
        -0.4057886600494385,
        -0.9088066816329956,
        1.0
      ],
      "type": "VEC4"
    },
    {
      "bufferView": 1,
      "byteOffset": 1800,
      "componentType": 5126,
      "count": 51,
      "max": [
        0.5745409727096558,
        0.870078980922699
      ],
      "min": [
        0.2806270122528076,
        0.16057300567626953
      ],
      "type": "VEC2"
    },
    {
      "bufferView": 0,
      "byteOffset": 3504,
      "componentType": 5125,
      "count": 174,
      "type": "SCALAR"
    },
    {
      "bufferView": 2,
      "byteOffset": 6624,
      "componentType": 5126,
      "count": 68,
      "max": [
        0.6366750001907349,
        0.2568719983100891,
        0.0006882160087116063
      ],
      "min": [
        0.5337470173835754,
        0.21590100228786469,
        -0.04028309881687164
      ],
      "type": "VEC3"
    },
    {
      "bufferView": 2,
      "byteOffset": 7440,
      "componentType": 5126,
      "count": 68,
      "max": [
        0.7139323353767395,
        0.9286437630653381,
        0.9286437630653381
      ],
      "min": [
        -0.7139330506324768,
        -0.9286437630653381,
        -0.9286437630653381
      ],
      "type": "VEC3"
    },
    {
      "bufferView": 3,
      "byteOffset": 4416,
      "componentType": 5126,
      "count": 68,
      "max": [
        -0.665405809879303,
        0.7138875722885132,
        0.7139097452163696,
        1.0
      ],
      "min": [
        -0.9286307692527771,
        -0.7100738883018494,
        -0.7138586640357971,
        1.0
      ],
      "type": "VEC4"
    },
    {
      "bufferView": 1,
      "byteOffset": 2208,
      "componentType": 5126,
      "count": 68,
      "max": [
        0.4986799955368042,
        0.9215270280838013
      ],
      "min": [
        0.42069101333618164,
        0.8258739709854126
      ],
      "type": "VEC2"
    },
    {
      "bufferView": 0,
      "byteOffset": 4200,
      "componentType": 5125,
      "count": 288,
      "type": "SCALAR"
    },
    {
      "bufferView": 2,
      "byteOffset": 8256,
      "componentType": 5126,
      "count": 116,
      "max": [
        0.5262590050697327,
        0.26757699251174927,
        0.021313900128006935
      ],
      "min": [
        0.2718769907951355,
        0.2123039960861206,
        -0.06090880185365677
      ],
      "type": "VEC3"
    },
    {
      "bufferView": 2,
      "byteOffset": 9648,
      "componentType": 5126,
      "count": 116,
      "max": [
        1.0,
        0.9899678826332092,
        0.8831908702850342
      ],
      "min": [
        -1.0,
        -0.9765846133232117,
        -0.8831908702850342
      ],
      "type": "VEC3"
    },
    {
      "bufferView": 3,
      "byteOffset": 5504,
      "componentType": 5126,
      "count": 116,
      "max": [
        0.9871940016746521,
        0.812082052230835,
        1.0,
        1.0
      ],
      "min": [
        -0.9899335503578186,
        -0.9347352385520935,
        -1.0,
        1.0
      ],
      "type": "VEC4"
    },
    {
      "bufferView": 1,
      "byteOffset": 2752,
      "componentType": 5126,
      "count": 116,
      "max": [
        0.9585080146789551,
        0.9197180271148682
      ],
      "min": [
        0.005502270068973303,
        0.030513599514961243
      ],
      "type": "VEC2"
    },
    {
      "bufferView": 0,
      "byteOffset": 5352,
      "componentType": 5125,
      "count": 432,
      "type": "SCALAR"
    },
    {
      "bufferView": 2,
      "byteOffset": 11040,
      "componentType": 5126,
      "count": 106,
      "max": [
        -0.3949359953403473,
        0.239315003156662,
        -0.004418930038809776
      ],
      "min": [
        -0.4217950105667114,
        0.2168010026216507,
        -0.035176001489162445
      ],
      "type": "VEC3"
    },
    {
      "bufferView": 2,
      "byteOffset": 12312,
      "componentType": 5126,
      "count": 106,
      "max": [
        1.6403099323269998e-07,
        0.7111696004867554,
        1.0
      ],
      "min": [
        -0.8082734942436218,
        -0.7310617566108704,
        -1.0
      ],
      "type": "VEC3"
    },
    {
      "bufferView": 3,
      "byteOffset": 7360,
      "componentType": 5126,
      "count": 106,
      "max": [
        0.9999939203262329,
        0.4041963517665863,
        0.7716511487960815,
        1.0
      ],
      "min": [
        -0.9999942183494568,
        -0.9794639348983765,
        -0.7763965129852295,
        1.0
      ],
      "type": "VEC4"
    },
    {
      "bufferView": 1,
      "byteOffset": 3680,
      "componentType": 5126,
      "count": 106,
      "max": [
        0.9719619750976563,
        0.9912260174751282
      ],
      "min": [
        0.9159150123596191,
        0.9359239935874939
      ],
      "type": "VEC2"
    },
    {
      "bufferView": 0,
      "byteOffset": 7080,
      "componentType": 5125,
      "count": 372,
      "type": "SCALAR"
    },
    {
      "bufferView": 2,
      "byteOffset": 13584,
      "componentType": 5126,
      "count": 10,
      "max": [
        0.23195500671863556,
        0.2785620093345642,
        -0.003631749888882041
      ],
      "min": [
        0.22798599302768707,
        0.2745929956436157,
        -0.03596320003271103
      ],
      "type": "VEC3"
    },
    {
      "bufferView": 2,
      "byteOffset": 13704,
      "componentType": 5126,
      "count": 10,
      "max": [
        1.0,
        1.0,
        1.6388500512221071e-07
      ],
      "min": [
        -1.0,
        -1.0,
        -1.6388500512221071e-07
      ],
      "type": "VEC3"
    },
    {
      "bufferView": 3,
      "byteOffset": 9056,
      "componentType": 5126,
      "count": 10,
      "max": [
        0.006025864277034998,
        0.006120369769632816,
        -0.9999809861183167,
        1.0
      ],
      "min": [
        -0.002110275672748685,
        -0.006174302659928799,
        -0.9999977946281433,
        1.0
      ],
      "type": "VEC4"
    },
    {
      "bufferView": 1,
      "byteOffset": 4528,
      "componentType": 5126,
      "count": 10,
      "max": [
        0.5843790173530579,
        0.08391329646110535
      ],
      "min": [
        0.5607540011405945,
        0.07553400099277496
      ],
      "type": "VEC2"
    },
    {
      "bufferView": 0,
      "byteOffset": 8568,
      "componentType": 5125,
      "count": 24,
      "type": "SCALAR"
    },
    {
      "bufferView": 2,
      "byteOffset": 13824,
      "componentType": 5126,
      "count": 242,
      "max": [
        0.24074199795722961,
        0.29144299030303955,
        0.00023587000032421201
      ],
      "min": [
        0.1058180034160614,
        0.2734430134296417,
        -0.03983080014586449
      ],
      "type": "VEC3"
    },
    {
      "bufferView": 2,
      "byteOffset": 16728,
      "componentType": 5126,
      "count": 242,
      "max": [
        1.0,
        1.0,
        0.933979332447052
      ],
      "min": [
        -1.0,
        -1.0,
        -0.933979332447052
      ],
      "type": "VEC3"
    },
    {
      "bufferView": 3,
      "byteOffset": 9216,
      "componentType": 5126,
      "count": 242,
      "max": [
        0.958873450756073,
        0.9398000836372375,
        0.9999930262565613,
        1.0
      ],
      "min": [
        -0.9883675575256348,
        -1.0,
        -0.999993085861206,
        1.0
      ],
      "type": "VEC4"
    },
    {
      "bufferView": 1,
      "byteOffset": 4608,
      "componentType": 5126,
      "count": 242,
      "max": [
        0.9994999766349792,
        0.6890379786491394
      ],
      "min": [
        0.025511300191283226,
        0.1705770045518875
      ],
      "type": "VEC2"
    },
    {
      "bufferView": 0,
      "byteOffset": 8664,
      "componentType": 5125,
      "count": 948,
      "type": "SCALAR"
    },
    {
      "bufferView": 2,
      "byteOffset": 19632,
      "componentType": 5126,
      "count": 409,
      "max": [
        0.13692399859428406,
        0.2830510139465332,
        0.009777319617569447
      ],
      "min": [
        0.12397799640893936,
        0.27010399103164673,
        -0.04937230050563812
      ],
      "type": "VEC3"
    },
    {
      "bufferView": 2,
      "byteOffset": 24540,
      "componentType": 5126,
      "count": 409,
      "max": [
        0.9302880167961121,
        1.0,
        1.0
      ],
      "min": [
        -0.9302880167961121,
        -1.0,
        -1.0
      ],
      "type": "VEC3"
    },
    {
      "bufferView": 3,
      "byteOffset": 13088,
      "componentType": 5126,
      "count": 409,
      "max": [
        0.9999869465827942,
        0.9928097724914551,
        0.9999866485595703,
        1.0
      ],
      "min": [
        -1.0,
        -0.9962761402130127,
        -0.9811116456985474,
        1.0
      ],
      "type": "VEC4"
    },
    {
      "bufferView": 1,
      "byteOffset": 6544,
      "componentType": 5126,
      "count": 409,
      "max": [
        0.46640899777412415,
        0.9474930167198181
      ],
      "min": [
        0.005502270068973303,
        0.26561999320983887
      ],
      "type": "VEC2"
    },
    {
      "bufferView": 0,
      "byteOffset": 12456,
      "componentType": 5125,
      "count": 1836,
      "type": "SCALAR"
    },
    {
      "bufferView": 2,
      "byteOffset": 29448,
      "componentType": 5126,
      "count": 34,
      "max": [
        -0.0969260036945343,
        0.09571480005979538,
        -0.006662860047072172
      ],
      "min": [
        -0.10438700020313263,
        0.027937300503253937,
        -0.032932098954916
      ],
      "type": "VEC3"
    },
    {
      "bufferView": 2,
      "byteOffset": 29856,
      "componentType": 5126,
      "count": 34,
      "max": [
        0.884130597114563,
        0.6243289709091187,
        0.885530412197113
      ],
      "min": [
        -0.8841307163238525,
        -0.8494171500205994,
        -0.8855312466621399
      ],
      "type": "VEC3"
    },
    {
      "bufferView": 3,
      "byteOffset": 19632,
      "componentType": 5126,
      "count": 34,
      "max": [
        0.925870418548584,
        0.9517056345939636,
        0.8233087658882141,
        1.0
      ],
      "min": [
        -0.9562578201293945,
        -0.6698411107063293,
        -0.8316658735275269,
        1.0
      ],
      "type": "VEC4"
    },
    {
      "bufferView": 1,
      "byteOffset": 9816,
      "componentType": 5126,
      "count": 34,
      "max": [
        0.6602650284767151,
        0.8933449983596802
      ],
      "min": [
        0.6007720232009888,
        0.8458830118179321
      ],
      "type": "VEC2"
    },
    {
      "bufferView": 0,
      "byteOffset": 19800,
      "componentType": 5125,
      "count": 108,
      "type": "SCALAR"
    },
    {
      "bufferView": 2,
      "byteOffset": 30264,
      "componentType": 5126,
      "count": 84,
      "max": [
        0.9571890234947205,
        0.29283300042152405,
        -0.018924999982118607
      ],
      "min": [
        0.9554439783096313,
        0.2874859869480133,
        -0.020670000463724136
      ],
      "type": "VEC3"
    },
    {
      "bufferView": 2,
      "byteOffset": 31272,
      "componentType": 5126,
      "count": 84,
      "max": [
        1.0,
        1.0,
        1.0
      ],
      "min": [
        -1.0,
        -6.123230292458899e-17,
        -1.0
      ],
      "type": "VEC3"
    },
    {
      "bufferView": 3,
      "byteOffset": 20176,
      "componentType": 5126,
      "count": 84,
      "max": [
        0.9988541007041931,
        0.6120092272758484,
        0.999659538269043,
        1.0
      ],
      "min": [
        -0.9997503757476807,
        -0.6094598174095154,
        -0.9140309691429138,
        1.0
      ],
      "type": "VEC4"
    },
    {
      "bufferView": 1,
      "byteOffset": 10088,
      "componentType": 5126,
      "count": 84,
      "max": [
        0.29474499821662903,
        0.3250100016593933
      ],
      "min": [
        0.08053629845380783,
        0.030513599514961243
      ],
      "type": "VEC2"
    },
    {
      "bufferView": 0,
      "byteOffset": 20232,
      "componentType": 5125,
      "count": 330,
      "type": "SCALAR"
    },
    {
      "bufferView": 2,
      "byteOffset": 32280,
      "componentType": 5126,
      "count": 103,
      "max": [
        0.9618489742279053,
        0.288877010345459,
        -0.014264300465583801
      ],
      "min": [
        0.9507830142974854,
        0.2766149938106537,
        -0.025330599397420883
      ],
      "type": "VEC3"
    },
    {
      "bufferView": 2,
      "byteOffset": 33516,
      "componentType": 5126,
      "count": 103,
      "max": [
        1.0,
        0.9113991260528564,
        1.0
      ],
      "min": [
        -1.0,
        -1.1174400071922719e-08,
        -1.0
      ],
      "type": "VEC3"
    },
    {
      "bufferView": 3,
      "byteOffset": 21520,
      "componentType": 5126,
      "count": 103,
      "max": [
        0.9877899289131165,
        0.9995932579040527,
        0.9920268058776855,
        1.0
      ],
      "min": [
        -0.9981676936149597,
        -0.999640703201294,
        -0.9994832873344421,
        1.0
      ],
      "type": "VEC4"
    },
    {
      "bufferView": 1,
      "byteOffset": 10760,
      "componentType": 5126,
      "count": 103,
      "max": [
        0.5798649787902832,
        0.5824819803237915
      ],
      "min": [
        0.005502270068973303,
        0.0855386033654213
      ],
      "type": "VEC2"
    },
    {
      "bufferView": 0,
      "byteOffset": 21552,
      "componentType": 5125,
      "count": 354,
      "type": "SCALAR"
    },
    {
      "bufferView": 2,
      "byteOffset": 34752,
      "componentType": 5126,
      "count": 102,
      "max": [
        -0.06695979833602905,
        0.22503000497817993,
        0.02653370052576065
      ],
      "min": [
        -0.3086389899253845,
        0.1496410071849823,
        0.021443499252200127
      ],
      "type": "VEC3"
    },
    {
      "bufferView": 2,
      "byteOffset": 35976,
      "componentType": 5126,
      "count": 102,
      "max": [
        1.0,
        1.0,
        1.0
      ],
      "min": [
        -1.0,
        -0.9995297789573669,
        -1.0
      ],
      "type": "VEC3"
    },
    {
      "bufferView": 3,
      "byteOffset": 23168,
      "componentType": 5126,
      "count": 102,
      "max": [
        0.9703158736228943,
        0.999987781047821,
        0.9981967806816101,
        1.0
      ],
      "min": [
        -0.5423989295959473,
        -2.093543116643559e-06,
        -0.9996815323829651,
        1.0
      ],
      "type": "VEC4"
    },
    {
      "bufferView": 1,
      "byteOffset": 11584,
      "componentType": 5126,
      "count": 102,
      "max": [
        0.46623900532722473,
        0.9838449954986572
      ],
      "min": [
        0.285629004240036,
        0.6007720232009888
      ],
      "type": "VEC2"
    },
    {
      "bufferView": 0,
      "byteOffset": 22968,
      "componentType": 5125,
      "count": 468,
      "type": "SCALAR"
    },
    {
      "bufferView": 2,
      "byteOffset": 37200,
      "componentType": 5126,
      "count": 684,
      "max": [
        0.9736210107803345,
        0.3006570041179657,
        -0.0010926099494099617
      ],
      "min": [
        0.9223600029945374,
        0.1449050009250641,
        -0.03850239887833595
      ],
      "type": "VEC3"
    },
    {
      "bufferView": 2,
      "byteOffset": 45408,
      "componentType": 5126,
      "count": 684,
      "max": [
        1.0,
        1.0,
        1.0
      ],
      "min": [
        -1.0,
        -1.0,
        -1.0
      ],
      "type": "VEC3"
    },
    {
      "bufferView": 3,
      "byteOffset": 24800,
      "componentType": 5126,
      "count": 684,
      "max": [
        1.0,
        0.9690951704978943,
        0.9999897480010986,
        1.0
      ],
      "min": [
        -0.9999998807907104,
        -1.0,
        -0.9984013438224792,
        1.0
      ],
      "type": "VEC4"
    },
    {
      "bufferView": 1,
      "byteOffset": 12400,
      "componentType": 5126,
      "count": 684,
      "max": [
        0.9269890189170837,
        0.9212639927864075
      ],
      "min": [
        0.005502270068973303,
        0.0005000000237487257
      ],
      "type": "VEC2"
    },
    {
      "bufferView": 0,
      "byteOffset": 24840,
      "componentType": 5125,
      "count": 2922,
      "type": "SCALAR"
    },
    {
      "bufferView": 2,
      "byteOffset": 53616,
      "componentType": 5126,
      "count": 100,
      "max": [
        0.5530099868774414,
        0.19965800642967224,
        -0.0012543899938464165
      ],
      "min": [
        0.5262590050697327,
        0.157709002494812,
        -0.038340598344802856
      ],
      "type": "VEC3"
    },
    {
      "bufferView": 2,
      "byteOffset": 54816,
      "componentType": 5126,
      "count": 100,
      "max": [
        1.0,
        0.9343382120132446,
        0.9379950165748596
      ],
      "min": [
        -0.7093359231948853,
        -0.9379950165748596,
        -0.9379950165748596
      ],
      "type": "VEC3"
    },
    {
      "bufferView": 3,
      "byteOffset": 35744,
      "componentType": 5126,
      "count": 100,
      "max": [
        0.9517404437065125,
        0.6660104393959045,
        0.995269238948822,
        1.0
      ],
      "min": [
        -2.90650348233612e-07,
        -0.9994896054267883,
        -0.9999204874038696,
        1.0
      ],
      "type": "VEC4"
    },
    {
      "bufferView": 1,
      "byteOffset": 17872,
      "componentType": 5126,
      "count": 100,
      "max": [
        0.9935590028762817,
        0.11563000082969666
      ],
      "min": [
        0.9559329748153687,
        0.02050909958779812
      ],
      "type": "VEC2"
    },
    {
      "bufferView": 0,
      "byteOffset": 36528,
      "componentType": 5125,
      "count": 468,
      "type": "SCALAR"
    },
    {
      "bufferView": 2,
      "byteOffset": 56016,
      "componentType": 5126,
      "count": 50,
      "max": [
        0.9717379808425903,
        0.15183299779891968,
        -0.015152200125157833
      ],
      "min": [
        0.5249680280685425,
        0.1425430029630661,
        -0.024442799389362335
      ],
      "type": "VEC3"
    },
    {
      "bufferView": 2,
      "byteOffset": 56616,
      "componentType": 5126,
      "count": 50,
      "max": [
        1.0,
        1.0,
        1.0
      ],
      "min": [
        -1.7230395599199255e-07,
        -1.0,
        -1.0
      ],
      "type": "VEC3"
    },
    {
      "bufferView": 3,
      "byteOffset": 37344,
      "componentType": 5126,
      "count": 50,
      "max": [
        0.0,
        0.9988203048706055,
        0.9988494515419006,
        1.0
      ],
      "min": [
        -0.049670446664094925,
        -0.9987969994544983,
        -0.9987969398498535,
        1.0
      ],
      "type": "VEC4"
    },
    {
      "bufferView": 1,
      "byteOffset": 18672,
      "componentType": 5126,
      "count": 50,
      "max": [
        0.9852110147476196,
        0.9482799768447876
      ],
      "min": [
        0.58576500415802,
        0.0005000000237487257
      ],
      "type": "VEC2"
    },
    {
      "bufferView": 0,
      "byteOffset": 38400,
      "componentType": 5125,
      "count": 138,
      "type": "SCALAR"
    },
    {
      "bufferView": 2,
      "byteOffset": 57216,
      "componentType": 5126,
      "count": 271,
      "max": [
        1.0,
        0.1902499943971634,
        -0.005800229962915182
      ],
      "min": [
        0.5262590050697327,
        0.16225500404834747,
        -0.03379480168223381
      ],
      "type": "VEC3"
    },
    {
      "bufferView": 2,
      "byteOffset": 60468,
      "componentType": 5126,
      "count": 271,
      "max": [
        1.0,
        1.0,
        1.0
      ],
      "min": [
        -1.0,
        -1.0,
        -1.0
      ],
      "type": "VEC3"
    },
    {
      "bufferView": 3,
      "byteOffset": 38144,
      "componentType": 5126,
      "count": 271,
      "max": [
        1.0,
        0.9870204925537109,
        0.9971591830253601,
        1.0
      ],
      "min": [
        -0.9161065220832825,
        -0.9998089075088501,
        -0.9964532256126404,
        1.0
      ],
      "type": "VEC4"
    },
    {
      "bufferView": 1,
      "byteOffset": 19072,
      "componentType": 5126,
      "count": 271,
      "max": [
        0.9602749943733215,
        0.9855120182037354
      ],
      "min": [
        0.005502270068973303,
        0.13055899739265442
      ],
      "type": "VEC2"
    },
    {
      "bufferView": 0,
      "byteOffset": 38952,
      "componentType": 5125,
      "count": 1182,
      "type": "SCALAR"
    },
    {
      "bufferView": 2,
      "byteOffset": 63720,
      "componentType": 5126,
      "count": 458,
      "max": [
        0.7651799917221069,
        0.2569270133972168,
        0.0007427299860864878
      ],
      "min": [
        0.6366750001907349,
        0.14103299379348755,
        -0.0403377003967762
      ],
      "type": "VEC3"
    },
    {
      "bufferView": 2,
      "byteOffset": 69216,
      "componentType": 5126,
      "count": 458,
      "max": [
        1.0,
        1.0,
        1.0
      ],
      "min": [
        -1.0,
        -0.9863100051879883,
        -1.0
      ],
      "type": "VEC3"
    },
    {
      "bufferView": 3,
      "byteOffset": 42480,
      "componentType": 5126,
      "count": 458,
      "max": [
        0.933016300201416,
        0.9998974800109863,
        0.9999997019767761,
        1.0
      ],
      "min": [
        -0.9999421834945679,
        -0.9999260306358337,
        -0.9987280368804932,
        1.0
      ],
      "type": "VEC4"
    },
    {
      "bufferView": 1,
      "byteOffset": 21240,
      "componentType": 5126,
      "count": 458,
      "max": [
        0.8398839831352234,
        0.9850329756736755
      ],
      "min": [
        0.06552950292825699,
        0.005502270068973303
      ],
      "type": "VEC2"
    },
    {
      "bufferView": 0,
      "byteOffset": 43680,
      "componentType": 5125,
      "count": 1920,
      "type": "SCALAR"
    },
    {
      "bufferView": 2,
      "byteOffset": 74712,
      "componentType": 5126,
      "count": 86,
      "max": [
        0.5337470173835754,
        0.2587980031967163,
        0.0026143600698560476
      ],
      "min": [
        0.5262590050697327,
        0.2139739990234375,
        -0.04220930114388466
      ],
      "type": "VEC3"
    },
    {
      "bufferView": 2,
      "byteOffset": 75744,
      "componentType": 5126,
      "count": 86,
      "max": [
        1.0,
        0.9302880167961121,
        0.9302880167961121
      ],
      "min": [
        -0.7071073651313782,
        -0.9302883744239807,
        -0.9302883744239807
      ],
      "type": "VEC3"
    },
    {
      "bufferView": 3,
      "byteOffset": 49808,
      "componentType": 5126,
      "count": 86,
      "max": [
        0.930287778377533,
        0.863365888595581,
        0.9042655825614929,
        1.0
      ],
      "min": [
        -0.41260337829589844,
        -0.9064893126487732,
        -0.8953480124473572,
        1.0
      ],
      "type": "VEC4"
    },
    {
      "bufferView": 1,
      "byteOffset": 24904,
      "componentType": 5126,
      "count": 86,
      "max": [
        0.9419739842414856,
        0.31668999791145325
      ],
      "min": [
        0.07053180038928986,
        0.14556600153446198
      ],
      "type": "VEC2"
    },
    {
      "bufferView": 0,
      "byteOffset": 51360,
      "componentType": 5125,
      "count": 336,
      "type": "SCALAR"
    },
    {
      "bufferView": 2,
      "byteOffset": 76776,
      "componentType": 5126,
      "count": 146,
      "max": [
        0.5133110284805298,
        0.20907500386238098,
        0.021443499252200127
      ],
      "min": [
        0.173675999045372,
        0.09531930088996887,
        -0.06103840097784996
      ],
      "type": "VEC3"
    },
    {
      "bufferView": 2,
      "byteOffset": 78528,
      "componentType": 5126,
      "count": 146,
      "max": [
        1.0,
        0.9765846133232117,
        0.979473352432251
      ],
      "min": [
        -1.0,
        -0.9955158829689026,
        -0.979473352432251
      ],
      "type": "VEC3"
    },
    {
      "bufferView": 3,
      "byteOffset": 51184,
      "componentType": 5126,
      "count": 146,
      "max": [
        0.9995516538619995,
        0.8591436743736267,
        0.9989104270935059,
        1.0
      ],
      "min": [
        -0.48032087087631226,
        -0.7911694049835205,
        -0.9998782873153687,
        1.0
      ],
      "type": "VEC4"
    },
    {
      "bufferView": 1,
      "byteOffset": 25592,
      "componentType": 5126,
      "count": 146,
      "max": [
        0.9475020170211792,
        0.9808639883995056
      ],
      "min": [
        0.5507490038871765,
        0.295634001493454
      ],
      "type": "VEC2"
    },
    {
      "bufferView": 0,
      "byteOffset": 52704,
      "componentType": 5125,
      "count": 696,
      "type": "SCALAR"
    },
    {
      "bufferView": 2,
      "byteOffset": 80280,
      "componentType": 5126,
      "count": 146,
      "max": [
        0.5133110284805298,
        0.2688100039958954,
        0.021232599392533302
      ],
      "min": [
        0.28582799434661865,
        0.2123039960861206,
        -0.060827601701021194
      ],
      "type": "VEC3"
    },
    {
      "bufferView": 2,
      "byteOffset": 82032,
      "componentType": 5126,
      "count": 146,
      "max": [
        1.0,
        1.0,
        0.9542343616485596
      ],
      "min": [
        -1.0,
        -0.9765846133232117,
        -0.9542344808578491
      ],
      "type": "VEC3"
    },
    {
      "bufferView": 3,
      "byteOffset": 53520,
      "componentType": 5126,
      "count": 146,
      "max": [
        1.0,
        0.8263060450553894,
        0.709681510925293,
        1.0
      ],
      "min": [
        -0.4325844943523407,
        -0.8301264643669128,
        -1.0,
        -1.0
      ],
      "type": "VEC4"
    },
    {
      "bufferView": 1,
      "byteOffset": 26760,
      "componentType": 5126,
      "count": 146,
      "max": [
        0.8148099780082703,
        0.7896590232849121
      ],
      "min": [
        0.49572500586509705,
        0.5457469820976257
      ],
      "type": "VEC2"
    },
    {
      "bufferView": 0,
      "byteOffset": 55488,
      "componentType": 5125,
      "count": 696,
      "type": "SCALAR"
    },
    {
      "bufferView": 2,
      "byteOffset": 83784,
      "componentType": 5126,
      "count": 348,
      "max": [
        0.2718769907951355,
        0.28227999806404114,
        0.013760400004684925
      ],
      "min": [
        0.10736200213432312,
        0.1986439973115921,
        -0.05335539951920509
      ],
      "type": "VEC3"
    },
    {
      "bufferView": 2,
      "byteOffset": 87960,
      "componentType": 5126,
      "count": 348,
      "max": [
        1.0,
        0.9941689968109131,
        1.0
      ],
      "min": [
        -1.0,
        -0.0005186631460674107,
        -1.0
      ],
      "type": "VEC3"
    },
    {
      "bufferView": 3,
      "byteOffset": 55856,
      "componentType": 5126,
      "count": 348,
      "max": [
        0.999999463558197,
        1.0,
        0.9556427597999573,
        1.0
      ],
      "min": [
        -0.9999799132347107,
        -0.9999985098838806,
        -1.0,
        1.0
      ],
      "type": "VEC4"
    },
    {
      "bufferView": 1,
      "byteOffset": 27928,
      "componentType": 5126,
      "count": 348,
      "max": [
        0.7798600196838379,
        0.9410899877548218
      ],
      "min": [
        0.005502270068973303,
        0.14556600153446198
      ],
      "type": "VEC2"
    },
    {
      "bufferView": 0,
      "byteOffset": 58272,
      "componentType": 5125,
      "count": 1242,
      "type": "SCALAR"
    },
    {
      "bufferView": 2,
      "byteOffset": 92136,
      "componentType": 5126,
      "count": 1168,
      "max": [
        0.22530800104141235,
        0.11924099922180176,
        0.015925699844956398
      ],
      "min": [
        -0.0859472006559372,
        -0.3006570041179657,
        -0.05552069842815399
      ],
      "type": "VEC3"
    },
    {
      "bufferView": 2,
      "byteOffset": 106152,
      "componentType": 5126,
      "count": 1168,
      "max": [
        0.9437314867973328,
        0.9482172131538391,
        1.0
      ],
      "min": [
        -0.932801365852356,
        -0.9459033608436584,
        -1.0
      ],
      "type": "VEC3"
    },
    {
      "bufferView": 3,
      "byteOffset": 61424,
      "componentType": 5126,
      "count": 1168,
      "max": [
        0.9951659440994263,
        0.999434232711792,
        0.9918466806411743,
        1.0
      ],
      "min": [
        -0.9582837224006653,
        -0.9998689293861389,
        -0.9740368723869324,
        1.0
      ],
      "type": "VEC4"
    },
    {
      "bufferView": 1,
      "byteOffset": 30712,
      "componentType": 5126,
      "count": 1168,
      "max": [
        0.9828109741210938,
        0.9828770160675049
      ],
      "min": [
        0.0005000000237487257,
        0.14556600153446198
      ],
      "type": "VEC2"
    },
    {
      "bufferView": 0,
      "byteOffset": 63240,
      "componentType": 5125,
      "count": 6138,
      "type": "SCALAR"
    },
    {
      "bufferView": 2,
      "byteOffset": 120168,
      "componentType": 5126,
      "count": 154,
      "max": [
        0.10736700147390366,
        0.24567200243473053,
        0.06549730151891708
      ],
      "min": [
        -0.1072319969534874,
        0.1986439973115921,
        -0.01979750022292137
      ],
      "type": "VEC3"
    },
    {
      "bufferView": 2,
      "byteOffset": 122016,
      "componentType": 5126,
      "count": 154,
      "max": [
        0.9994861483573914,
        0.9802998900413513,
        1.0
      ],
      "min": [
        -1.0,
        -0.9806013703346252,
        -0.8008983731269836
      ],
      "type": "VEC3"
    },
    {
      "bufferView": 3,
      "byteOffset": 80112,
      "componentType": 5126,
      "count": 154,
      "max": [
        0.9999940395355225,
        0.7070852518081665,
        0.9999932646751404,
        1.0
      ],
      "min": [
        -0.9873911142349243,
        -0.999987006187439,
        -0.9695619344711304,
        1.0
      ],
      "type": "VEC4"
    },
    {
      "bufferView": 1,
      "byteOffset": 40056,
      "componentType": 5126,
      "count": 154,
      "max": [
        0.9993730187416077,
        0.8947449922561646
      ],
      "min": [
        0.665802001953125,
        0.26561999320983887
      ],
      "type": "VEC2"
    },
    {
      "bufferView": 0,
      "byteOffset": 87792,
      "componentType": 5125,
      "count": 624,
      "type": "SCALAR"
    },
    {
      "bufferView": 2,
      "byteOffset": 123864,
      "componentType": 5126,
      "count": 216,
      "max": [
        0.10740599781274796,
        0.2676750123500824,
        0.02590229921042919
      ],
      "min": [
        -0.42742499709129333,
        0.1986439973115921,
        -0.06549730151891708
      ],
      "type": "VEC3"
    },
    {
      "bufferView": 2,
      "byteOffset": 126456,
      "componentType": 5126,
      "count": 216,
      "max": [
        0.9360941052436829,
        1.0,
        0.977429211139679
      ],
      "min": [
        -0.9874143600463867,
        -0.9954801201820374,
        -1.0
      ],
      "type": "VEC3"
    },
    {
      "bufferView": 3,
      "byteOffset": 82576,
      "componentType": 5126,
      "count": 216,
      "max": [
        0.9281445145606995,
        0.9951397776603699,
        0.9991194009780884,
        1.0
      ],
      "min": [
        -0.9999999403953552,
        -0.5916799306869507,
        -1.0,
        1.0
      ],
      "type": "VEC4"
    },
    {
      "bufferView": 1,
      "byteOffset": 41288,
      "componentType": 5126,
      "count": 216,
      "max": [
        0.9802110195159912,
        0.9160199761390686
      ],
      "min": [
        0.4457019865512848,
        0.0005000000237487257
      ],
      "type": "VEC2"
    },
    {
      "bufferView": 0,
      "byteOffset": 90288,
      "componentType": 5125,
      "count": 846,
      "type": "SCALAR"
    },
    {
      "bufferView": 2,
      "byteOffset": 129048,
      "componentType": 5126,
      "count": 102,
      "max": [
        -0.21447399258613586,
        0.10902199894189835,
        -0.012799900025129318
      ],
      "min": [
        -0.2646630108356476,
        0.05011190101504326,
        -0.026795100420713425
      ],
      "type": "VEC3"
    },
    {
      "bufferView": 2,
      "byteOffset": 130272,
      "componentType": 5126,
      "count": 102,
      "max": [
        0.9136525988578796,
        0.521131157875061,
        0.9373922348022461
      ],
      "min": [
        -0.771821141242981,
        -0.8959850072860718,
        -0.9373922348022461
      ],
      "type": "VEC3"
    },
    {
      "bufferView": 3,
      "byteOffset": 86032,
      "componentType": 5126,
      "count": 102,
      "max": [
        0.3941769599914551,
        0.9992695450782776,
        0.8900381326675415,
        1.0
      ],
      "min": [
        -0.9971216917037964,
        -0.4204920530319214,
        -0.9632385969161987,
        1.0
      ],
      "type": "VEC4"
    },
    {
      "bufferView": 1,
      "byteOffset": 43016,
      "componentType": 5126,
      "count": 102,
      "max": [
        0.9944530129432678,
        0.8708450198173523
      ],
      "min": [
        0.3006359934806824,
        0.15557000041007996
      ],
      "type": "VEC2"
    },
    {
      "bufferView": 0,
      "byteOffset": 93672,
      "componentType": 5125,
      "count": 372,
      "type": "SCALAR"
    },
    {
      "bufferView": 2,
      "byteOffset": 131496,
      "componentType": 5126,
      "count": 396,
      "max": [
        -0.09105650335550308,
        0.1067039966583252,
        0.013457399792969227
      ],
      "min": [
        -0.26736199855804443,
        0.02832150086760521,
        -0.053052399307489395
      ],
      "type": "VEC3"
    },
    {
      "bufferView": 2,
      "byteOffset": 136248,
      "componentType": 5126,
      "count": 396,
      "max": [
        0.983185887336731,
        1.0,
        0.9517751336097717
      ],
      "min": [
        -1.0,
        -1.0,
        -0.9517751336097717
      ],
      "type": "VEC3"
    },
    {
      "bufferView": 3,
      "byteOffset": 87664,
      "componentType": 5126,
      "count": 396,
      "max": [
        1.0,
        0.9994874596595764,
        0.9999947547912598,
        1.0
      ],
      "min": [
        -0.9384917616844177,
        -0.9905439615249634,
        -0.9253336191177368,
        1.0
      ],
      "type": "VEC4"
    },
    {
      "bufferView": 1,
      "byteOffset": 43832,
      "componentType": 5126,
      "count": 396,
      "max": [
        0.8022900223731995,
        0.827085018157959
      ],
      "min": [
        0.005502270068973303,
        0.42569300532341003
      ],
      "type": "VEC2"
    },
    {
      "bufferView": 0,
      "byteOffset": 95160,
      "componentType": 5125,
      "count": 1524,
      "type": "SCALAR"
    },
    {
      "bufferView": 2,
      "byteOffset": 141000,
      "componentType": 5126,
      "count": 246,
      "max": [
        -0.26736199855804443,
        0.08509639650583267,
        0.005832950118929148
      ],
      "min": [
        -0.4068810045719147,
        -0.10462900251150131,
        -0.04542800039052963
      ],
      "type": "VEC3"
    },
    {
      "bufferView": 2,
      "byteOffset": 143952,
      "componentType": 5126,
      "count": 246,
      "max": [
        0.9642787575721741,
        1.0,
        0.9851937890052795
      ],
      "min": [
        -0.9565618634223938,
        -0.9845273494720459,
        -0.9854007363319397
      ],
      "type": "VEC3"
    },
    {
      "bufferView": 3,
      "byteOffset": 94000,
      "componentType": 5126,
      "count": 246,
      "max": [
        0.9542820453643799,
        0.9999507665634155,
        0.9973508715629578,
        1.0
      ],
      "min": [
        -0.9792960286140442,
        -0.17378614842891693,
        -0.9879193902015686,
        1.0
      ],
      "type": "VEC4"
    },
    {
      "bufferView": 1,
      "byteOffset": 47000,
      "componentType": 5126,
      "count": 246,
      "max": [
        0.9857280254364014,
        0.7407299876213074
      ],
      "min": [
        0.3256469964981079,
        0.535742998123169
      ],
      "type": "VEC2"
    },
    {
      "bufferView": 0,
      "byteOffset": 101256,
      "componentType": 5125,
      "count": 966,
      "type": "SCALAR"
    },
    {
      "bufferView": 2,
      "byteOffset": 146904,
      "componentType": 5126,
      "count": 88,
      "max": [
        -0.42961201071739197,
        0.20291000604629517,
        0.016946500167250633
      ],
      "min": [
        -0.9870449900627136,
        -0.06681559979915619,
        -0.05654149875044823
      ],
      "type": "VEC3"
    },
    {
      "bufferView": 2,
      "byteOffset": 147960,
      "componentType": 5126,
      "count": 88,
      "max": [
        0.7640173435211182,
        0.9988136291503906,
        0.9655836224555969
      ],
      "min": [
        -1.0,
        -0.9908801317214966,
        -0.9655836224555969
      ],
      "type": "VEC3"
    },
    {
      "bufferView": 3,
      "byteOffset": 97936,
      "componentType": 5126,
      "count": 88,
      "max": [
        0.9999012351036072,
        0.9999951720237732,
        0.9893996715545654,
        1.0
      ],
      "min": [
        0.0,
        -0.6516188979148865,
        -0.9902405142784119,
        1.0
      ],
      "type": "VEC4"
    },
    {
      "bufferView": 1,
      "byteOffset": 48968,
      "componentType": 5126,
      "count": 88,
      "max": [
        0.44366899132728577,
        0.6769359707832336
      ],
      "min": [
        0.0005000000237487257,
        0.27562499046325684
      ],
      "type": "VEC2"
    },
    {
      "bufferView": 0,
      "byteOffset": 105120,
      "componentType": 5125,
      "count": 420,
      "type": "SCALAR"
    },
    {
      "bufferView": 2,
      "byteOffset": 149016,
      "componentType": 5126,
      "count": 170,
      "max": [
        0.16667400300502777,
        0.2167530059814453,
        0.021443499252200127
      ],
      "min": [
        -0.42961201071739197,
        0.1067039966583252,
        -0.06103840097784996
      ],
      "type": "VEC3"
    },
    {
      "bufferView": 2,
      "byteOffset": 151056,
      "componentType": 5126,
      "count": 170,
      "max": [
        0.8940921425819397,
        0.9618092179298401,
        1.0
      ],
      "min": [
        -0.8940921425819397,
        -0.9618092179298401,
        -1.0
      ],
      "type": "VEC3"
    },
    {
      "bufferView": 3,
      "byteOffset": 99344,
      "componentType": 5126,
      "count": 170,
      "max": [
        0.42390313744544983,
        1.0,
        0.8940922021865845,
        1.0
      ],
      "min": [
        -1.0,
        -1.0,
        -0.9261094927787781,
        1.0
      ],
      "type": "VEC4"
    },
    {
      "bufferView": 1,
      "byteOffset": 49672,
      "componentType": 5126,
      "count": 170,
      "max": [
        0.5858569741249084,
        0.3454209864139557
      ],
      "min": [
        0.005502270068973303,
        0.0005000000237487257
      ],
      "type": "VEC2"
    },
    {
      "bufferView": 0,
      "byteOffset": 106800,
      "componentType": 5125,
      "count": 756,
      "type": "SCALAR"
    }
  ],
  "asset": {
    "extras": {
      "author": "Billy Jackman (https://sketchfab.com/billyjackman3d)",
      "license": "CC-BY-4.0 (http://creativecommons.org/licenses/by/4.0/)",
      "source": "https://sketchfab.com/3d-models/ak-47-game-ready-assault-rifle-weapon-dc58144409534abbb60970638d171f9f",
      "title": "AK-47  - Game Ready Assault Rifle Weapon"
    },
    "generator": "Sketchfab-12.65.0",
    "version": "2.0"
  },
  "bufferViews": [
    {
      "buffer": 0,
      "byteLength": 109824,
      "name": "floatBufferViews",
      "target": 34963
    },
    {
      "buffer": 0,
      "byteLength": 51032,
      "byteOffset": 109824,
      "byteStride": 8,
      "name": "floatBufferViews",
      "target": 34962
    },
    {
      "buffer": 0,
      "byteLength": 153096,
      "byteOffset": 160856,
      "byteStride": 12,
      "name": "floatBufferViews",
      "target": 34962
    },
    {
      "buffer": 0,
      "byteLength": 102064,
      "byteOffset": 313952,
      "byteStride": 16,
      "name": "floatBufferViews",
      "target": 34962
    }
  ],
  "buffers": [
    {
      "byteLength": 416016,
      "uri": "scene.bin"
    }
  ],
  "images": [
    {
      "uri": "textures/AK_47_MAT_baseColor.jpeg"
    },
    {
      "uri": "textures/AK_47_MAT_metallicRoughness.png"
    },
    {
      "uri": "textures/AK_47_MAT_normal.png"
    }
  ],
  "materials": [
    {
      "doubleSided": true,
      "name": "AK_47_MAT",
      "normalTexture": {
        "index": 2
      },
      "occlusionTexture": {
        "index": 1
      },
      "pbrMetallicRoughness": {
        "baseColorTexture": {
          "index": 0
        },
        "metallicRoughnessTexture": {
          "index": 1
        }
      }
    }
  ],
  "meshes": [
    {
      "name": "defaultMaterial",
      "primitives": [
        {
          "attributes": {
            "NORMAL": 1,
            "POSITION": 0,
            "TANGENT": 2,
            "TEXCOORD_0": 3
          },
          "indices": 4,
          "material": 0,
          "mode": 4
        }
      ]
    },
    {
      "name": "defaultMaterial",
      "primitives": [
        {
          "attributes": {
            "NORMAL": 6,
            "POSITION": 5,
            "TANGENT": 7,
            "TEXCOORD_0": 8
          },
          "indices": 9,
          "material": 0,
          "mode": 4
        }
      ]
    },
    {
      "name": "defaultMaterial",
      "primitives": [
        {
          "attributes": {
            "NORMAL": 11,
            "POSITION": 10,
            "TANGENT": 12,
            "TEXCOORD_0": 13
          },
          "indices": 14,
          "material": 0,
          "mode": 4
        }
      ]
    },
    {
      "name": "defaultMaterial",
      "primitives": [
        {
          "attributes": {
            "NORMAL": 16,
            "POSITION": 15,
            "TANGENT": 17,
            "TEXCOORD_0": 18
          },
          "indices": 19,
          "material": 0,
          "mode": 4
        }
      ]
    },
    {
      "name": "defaultMaterial",
      "primitives": [
        {
          "attributes": {
            "NORMAL": 21,
            "POSITION": 20,
            "TANGENT": 22,
            "TEXCOORD_0": 23
          },
          "indices": 24,
          "material": 0,
          "mode": 4
        }
      ]
    },
    {
      "name": "defaultMaterial",
      "primitives": [
        {
          "attributes": {
            "NORMAL": 26,
            "POSITION": 25,
            "TANGENT": 27,
            "TEXCOORD_0": 28
          },
          "indices": 29,
          "material": 0,
          "mode": 4
        }
      ]
    },
    {
      "name": "defaultMaterial",
      "primitives": [
        {
          "attributes": {
            "NORMAL": 31,
            "POSITION": 30,
            "TANGENT": 32,
            "TEXCOORD_0": 33
          },
          "indices": 34,
          "material": 0,
          "mode": 4
        }
      ]
    },
    {
      "name": "defaultMaterial",
      "primitives": [
        {
          "attributes": {
            "NORMAL": 36,
            "POSITION": 35,
            "TANGENT": 37,
            "TEXCOORD_0": 38
          },
          "indices": 39,
          "material": 0,
          "mode": 4
        }
      ]
    },
    {
      "name": "defaultMaterial",
      "primitives": [
        {
          "attributes": {
            "NORMAL": 41,
            "POSITION": 40,
            "TANGENT": 42,
            "TEXCOORD_0": 43
          },
          "indices": 44,
          "material": 0,
          "mode": 4
        }
      ]
    },
    {
      "name": "defaultMaterial",
      "primitives": [
        {
          "attributes": {
            "NORMAL": 46,
            "POSITION": 45,
            "TANGENT": 47,
            "TEXCOORD_0": 48
          },
          "indices": 49,
          "material": 0,
          "mode": 4
        }
      ]
    },
    {
      "name": "defaultMaterial",
      "primitives": [
        {
          "attributes": {
            "NORMAL": 51,
            "POSITION": 50,
            "TANGENT": 52,
            "TEXCOORD_0": 53
          },
          "indices": 54,
          "material": 0,
          "mode": 4
        }
      ]
    },
    {
      "name": "defaultMaterial",
      "primitives": [
        {
          "attributes": {
            "NORMAL": 56,
            "POSITION": 55,
            "TANGENT": 57,
            "TEXCOORD_0": 58
          },
          "indices": 59,
          "material": 0,
          "mode": 4
        }
      ]
    },
    {
      "name": "defaultMaterial",
      "primitives": [
        {
          "attributes": {
            "NORMAL": 61,
            "POSITION": 60,
            "TANGENT": 62,
            "TEXCOORD_0": 63
          },
          "indices": 64,
          "material": 0,
          "mode": 4
        }
      ]
    },
    {
      "name": "defaultMaterial",
      "primitives": [
        {
          "attributes": {
            "NORMAL": 66,
            "POSITION": 65,
            "TANGENT": 67,
            "TEXCOORD_0": 68
          },
          "indices": 69,
          "material": 0,
          "mode": 4
        }
      ]
    },
    {
      "name": "defaultMaterial",
      "primitives": [
        {
          "attributes": {
            "NORMAL": 71,
            "POSITION": 70,
            "TANGENT": 72,
            "TEXCOORD_0": 73
          },
          "indices": 74,
          "material": 0,
          "mode": 4
        }
      ]
    },
    {
      "name": "defaultMaterial",
      "primitives": [
        {
          "attributes": {
            "NORMAL": 76,
            "POSITION": 75,
            "TANGENT": 77,
            "TEXCOORD_0": 78
          },
          "indices": 79,
          "material": 0,
          "mode": 4
        }
      ]
    },
    {
      "name": "defaultMaterial",
      "primitives": [
        {
          "attributes": {
            "NORMAL": 81,
            "POSITION": 80,
            "TANGENT": 82,
            "TEXCOORD_0": 83
          },
          "indices": 84,
          "material": 0,
          "mode": 4
        }
      ]
    },
    {
      "name": "defaultMaterial",
      "primitives": [
        {
          "attributes": {
            "NORMAL": 86,
            "POSITION": 85,
            "TANGENT": 87,
            "TEXCOORD_0": 88
          },
          "indices": 89,
          "material": 0,
          "mode": 4
        }
      ]
    },
    {
      "name": "defaultMaterial",
      "primitives": [
        {
          "attributes": {
            "NORMAL": 91,
            "POSITION": 90,
            "TANGENT": 92,
            "TEXCOORD_0": 93
          },
          "indices": 94,
          "material": 0,
          "mode": 4
        }
      ]
    },
    {
      "name": "defaultMaterial",
      "primitives": [
        {
          "attributes": {
            "NORMAL": 96,
            "POSITION": 95,
            "TANGENT": 97,
            "TEXCOORD_0": 98
          },
          "indices": 99,
          "material": 0,
          "mode": 4
        }
      ]
    },
    {
      "name": "defaultMaterial",
      "primitives": [
        {
          "attributes": {
            "NORMAL": 101,
            "POSITION": 100,
            "TANGENT": 102,
            "TEXCOORD_0": 103
          },
          "indices": 104,
          "material": 0,
          "mode": 4
        }
      ]
    },
    {
      "name": "defaultMaterial",
      "primitives": [
        {
          "attributes": {
            "NORMAL": 106,
            "POSITION": 105,
            "TANGENT": 107,
            "TEXCOORD_0": 108
          },
          "indices": 109,
          "material": 0,
          "mode": 4
        }
      ]
    },
    {
      "name": "defaultMaterial",
      "primitives": [
        {
          "attributes": {
            "NORMAL": 111,
            "POSITION": 110,
            "TANGENT": 112,
            "TEXCOORD_0": 113
          },
          "indices": 114,
          "material": 0,
          "mode": 4
        }
      ]
    },
    {
      "name": "defaultMaterial",
      "primitives": [
        {
          "attributes": {
            "NORMAL": 116,
            "POSITION": 115,
            "TANGENT": 117,
            "TEXCOORD_0": 118
          },
          "indices": 119,
          "material": 0,
          "mode": 4
        }
      ]
    },
    {
      "name": "defaultMaterial",
      "primitives": [
        {
          "attributes": {
            "NORMAL": 121,
            "POSITION": 120,
            "TANGENT": 122,
            "TEXCOORD_0": 123
          },
          "indices": 124,
          "material": 0,
          "mode": 4
        }
      ]
    },
    {
      "name": "defaultMaterial",
      "primitives": [
        {
          "attributes": {
            "NORMAL": 126,
            "POSITION": 125,
            "TANGENT": 127,
            "TEXCOORD_0": 128
          },
          "indices": 129,
          "material": 0,
          "mode": 4
        }
      ]
    },
    {
      "name": "defaultMaterial",
      "primitives": [
        {
          "attributes": {
            "NORMAL": 131,
            "POSITION": 130,
            "TANGENT": 132,
            "TEXCOORD_0": 133
          },
          "indices": 134,
          "material": 0,
          "mode": 4
        }
      ]
    },
    {
      "name": "defaultMaterial",
      "primitives": [
        {
          "attributes": {
            "NORMAL": 136,
            "POSITION": 135,
            "TANGENT": 137,
            "TEXCOORD_0": 138
          },
          "indices": 139,
          "material": 0,
          "mode": 4
        }
      ]
    },
    {
      "name": "defaultMaterial",
      "primitives": [
        {
          "attributes": {
            "NORMAL": 141,
            "POSITION": 140,
            "TANGENT": 142,
            "TEXCOORD_0": 143
          },
          "indices": 144,
          "material": 0,
          "mode": 4
        }
      ]
    },
    {
      "name": "defaultMaterial",
      "primitives": [
        {
          "attributes": {
            "NORMAL": 146,
            "POSITION": 145,
            "TANGENT": 147,
            "TEXCOORD_0": 148
          },
          "indices": 149,
          "material": 0,
          "mode": 4
        }
      ]
    },
    {
      "name": "defaultMaterial",
      "primitives": [
        {
          "attributes": {
            "NORMAL": 151,
            "POSITION": 150,
            "TANGENT": 152,
            "TEXCOORD_0": 153
          },
          "indices": 154,
          "material": 0,
          "mode": 4
        }
      ]
    }
  ],
  "nodes": [
    {
      "children": [
        1
      ],
      "matrix": [
        0.5004797577857971,
        0.0,
        0.0,
        0.0,
        0.0,
        1.1112883009052268e-16,
        -0.5004797577857971,
        0.0,
        0.0,
        0.5004797577857971,
        1.1112883009052268e-16,
        0.0,
        0.0,
        0.0,
        0.0,
        1.0
      ],
      "name": "Sketchfab_model"
    },
    {
      "children": [
        2,
        4,
        6,
        8,
        10,
        12,
        14,
        16,
        18,
        20,
        22,
        24,
        26,
        28,
        30,
        32,
        34,
        36,
        38,
        40,
        42,
        44,
        46,
        48,
        50,
        52,
        54,
        56,
        58,
        60,
        62
      ],
      "matrix": [
        1.0,
        0.0,
        0.0,
        0.0,
        0.0,
        -4.371139006309477e-08,
        0.999999999999999,
        0.0,
        0.0,
        -0.999999999999999,
        -4.371139006309477e-08,
        0.0,
        0.0,
        0.0,
        0.0,
        1.0
      ],
      "name": "Collada visual scene group"
    },
    {
      "children": [
        3
      ],
      "name": "StockMetalBottom_low"
    },
    {
      "mesh": 0,
      "name": "defaultMaterial"
    },
    {
      "children": [
        5
      ],
      "name": "SelectFireTabs_low"
    },
    {
      "mesh": 1,
      "name": "defaultMaterial"
    },
    {
      "children": [
        7
      ],
      "name": "ButtCover_low"
    },
    {
      "mesh": 2,
      "name": "defaultMaterial"
    },
    {
      "children": [
        9
      ],
      "name": "HandleMetal_low"
    },
    {
      "mesh": 3,
      "name": "defaultMaterial"
    },
    {
      "children": [
        11
      ],
      "name": "PipeBig_low"
    },
    {
      "mesh": 4,
      "name": "defaultMaterial"
    },
    {
      "children": [
        13
      ],
      "name": "StockMetalTop_low"
    },
    {
      "mesh": 5,
      "name": "defaultMaterial"
    },
    {
      "children": [
        15
      ],
      "name": "TopRelease_low"
    },
    {
      "mesh": 6,
      "name": "defaultMaterial"
    },
    {
      "children": [
        17
      ],
      "name": "MidSightPipe_low"
    },
    {
      "mesh": 7,
      "name": "defaultMaterial"
    },
    {
      "children": [
        19
      ],
      "name": "MidSight_low"
    },
    {
      "mesh": 8,
      "name": "defaultMaterial"
    },
    {
      "children": [
        21
      ],
      "name": "MidSightRound_low"
    },
    {
      "mesh": 9,
      "name": "defaultMaterial"
    },
    {
      "children": [
        23
      ],
      "name": "MagazineRelease_low"
    },
    {
      "mesh": 10,
      "name": "defaultMaterial"
    },
    {
      "children": [
        25
      ],
      "name": "SightPin_low"
    },
    {
      "mesh": 11,
      "name": "defaultMaterial"
    },
    {
      "children": [
        27
      ],
      "name": "SightPinHolder_low"
    },
    {
      "mesh": 12,
      "name": "defaultMaterial"
    },
    {
      "children": [
        29
      ],
      "name": "SelectFire_low"
    },
    {
      "mesh": 13,
      "name": "defaultMaterial"
    },
    {
      "children": [
        31
      ],
      "name": "IronSights_low"
    },
    {
      "mesh": 14,
      "name": "defaultMaterial"
    },
    {
      "children": [
        33
      ],
      "name": "BarrelStart_low"
    },
    {
      "mesh": 15,
      "name": "defaultMaterial"
    },
    {
      "children": [
        35
      ],
      "name": "Pipe_low"
    },
    {
      "mesh": 16,
      "name": "defaultMaterial"
    },
    {
      "children": [
        37
      ],
      "name": "Barrel_low"
    },
    {
      "mesh": 17,
      "name": "defaultMaterial"
    },
    {
      "children": [
        39
      ],
      "name": "BarrelSupport_low"
    },
    {
      "mesh": 18,
      "name": "defaultMaterial"
    },
    {
      "children": [
        41
      ],
      "name": "BarrelTopStart_low"
    },
    {
      "mesh": 19,
      "name": "defaultMaterial"
    },
    {
      "children": [
        43
      ],
      "name": "StockWoodBottom_low"
    },
    {
      "mesh": 20,
      "name": "defaultMaterial"
    },
    {
      "children": [
        45
      ],
      "name": "StockWoodTop_low"
    },
    {
      "mesh": 21,
      "name": "defaultMaterial"
    },
    {
      "children": [
        47
      ],
      "name": "MidSightHolder_low"
    },
    {
      "mesh": 22,
      "name": "defaultMaterial"
    },
    {
      "children": [
        49
      ],
      "name": "Magazine_low"
    },
    {
      "mesh": 23,
      "name": "defaultMaterial"
    },
    {
      "children": [
        51
      ],
      "name": "Slide_low"
    },
    {
      "mesh": 24,
      "name": "defaultMaterial"
    },
    {
      "children": [
        53
      ],
      "name": "Top_low"
    },
    {
      "mesh": 25,
      "name": "defaultMaterial"
    },
    {
      "children": [
        55
      ],
      "name": "Trigger_low"
    },
    {
      "mesh": 26,
      "name": "defaultMaterial"
    },
    {
      "children": [
        57
      ],
      "name": "TriggerProtector_low"
    },
    {
      "mesh": 27,
      "name": "defaultMaterial"
    },
    {
      "children": [
        59
      ],
      "name": "Handle_low"
    },
    {
      "mesh": 28,
      "name": "defaultMaterial"
    },
    {
      "children": [
        61
      ],
      "name": "Butt_low"
    },
    {
      "mesh": 29,
      "name": "defaultMaterial"
    },
    {
      "children": [
        63
      ],
      "name": "Box_low"
    },
    {
      "mesh": 30,
      "name": "defaultMaterial"
    }
  ],
  "samplers": [
    {
      "magFilter": 9729,
      "minFilter": 9987,
      "wrapS": 10497,
      "wrapT": 10497
    }
  ],
  "scene": 0,
  "scenes": [
    {
      "name": "Sketchfab_Scene",
      "nodes": [
        0
      ]
    }
  ],
  "textures": [
    {
      "sampler": 0,
      "source": 0
    },
    {
      "sampler": 0,
      "source": 1
    },
    {
      "sampler": 0,
      "source": 2
    }
  ]
}
